id,AIMS Sectors
10-330,1
10-331,1
10-332,1
10-333,1
10-334,1
10-335,1
10-336,1
10-337,1
10-338,1
10-339,1
10-340,1
10-341,1
10-342,1
10-299,1
10-316,1
10-317,1
10-318a,1
10-318b,1
10-318c,1
10-318d,1
10-320,1
10-321,1
10-322,1
10-323,1
10-324,1
10-325,1
10-326,1
10-327,1
10-328,1
10-329,1
10-401,1
10-402,1
10-403,1
10-404,1
10-405,1
10-406,1
10-407a,1
10-343a,1
10-343b,1
10-344,1
10-348,1
10-349,1
10-350,1
10-351,1
10-352,1
10-353,1
10-354,1
10-355,1
10-356,1
10-357,1
10-358,1
10-359,1
10-360,1
10-361,1
10-362,1
10-363,1
10-364,1
10-365,1
10-366,1
10-367,1
10-368,1
10-369,1
10-370,1
10-371,1
10-372,1
10-373,1
10-374,1
10-375a,1
10-375b,1
10-376,1
10-378,1
10-381,1
10-382,1
10-384,1
10-385,1
10-386,1
10-387,1
10-389,1
10-390,1
10-391,1
10-392,1
10-393,1
10-394,1
10-395,1
10-396,1
10-397,1
10-398,1
10-399,1
10-400,1
10-426,1
10-427,1
10-428a,1
10-428b,1
10-430,1
10-431,1
10-432,1
10-434,1
10-436,1
10-437,1
10-438,1
10-439,1
10-440,1
10-441,1
10-442,1
10-443,1
10-444,1
10-445,1
10-800,1
10-801,1
10-807,1
10-407b,1
10-408,1
10-409,1
10-410,1
10-411,1
10-411b,1
10-412,1
10-413,1
10-414,1
10-415,1
10-416a,1
10-416b,1
10-417,1
10-418a,1
10-418b,1
10-419a,1
10-419b,1
10-420,1
10-421,1
10-422,1
10-423,1
10-424,1
10-425,1
11-034,1
11-001,1
11-002,1
11-003,1
11-004,1
11-005,1
11-006,1
11-007,1
11-008,1
11-009,1
11-010,1
11-011a,1
11-011b,1
11-012,1
11-013,1
11-014,1
11-015,1
11-016,1
11-017,1
11-018,1
11-019,1
11-020,1
11-021,1
11-022,1
11-023,1
11-024,1
11-025,1
11-026,1
11-027,1
11-028,1
11-029,1
11-030,1
11-031,1
11-032,1
11-033a,1
11-033b,1
11-048b,1
11-049,1
11-050,1
11-051,1
11-052,1
11-053,1
11-054,1
11-055,1
11-035,1
11-036,1
11-037,1
11-038,1
11-039,1
11-040,1
11-041a,1
11-041b,1
11-042,1
11-043,1
11-044,1
11-045,1
11-046,1
11-047,1
11-048a,1
11-071,1
11-072,1
11-073,1
11-074,1
11-075,1
11-076,1
11-056a,1
11-056b,1
11-056c,1
11-056d,1
11-057,1
11-058,1
11-059,1
11-060,1
11-061,1
11-062,1
11-063a,1
11-063b,1
11-064,1
11-065,1
11-066,1
11-067,1
11-068,1
11-069,1
11-070a,1
11-070b,1
11-070c,1
11-103,1
11-104,1
11-105,1
11-107,1
11-108,1
11-109a,1
11-109b,1
11-110,1
11-111,1
11-112,1
11-113,1
11-114,1
11-115,1
11-116,1
11-117,1
11-118a,1
11-118b,1
11-119,1
11-077,1
11-078,1
11-079,1
11-080,1
11-081,1
11-082,1
11-083,1
11-084,1
11-085,1
11-087a,1
11-087b,1
11-088,1
11-089a,1
11-089b,1
11-090,1
11-091,1
11-092,1
11-093,1
11-094,1
11-095,1
11-096,1
11-097,1
11-098,1
11-099,1
11-100,1
11-101,1
11-102,1
11-157,1
11-158,1
11-120,1
11-121,1
11-122,1
11-123,1
11-124,1
11-125,1
11-126a,1
11-126b,1
11-127a,1
11-127b,1
11-128,1
11-129,1
11-130,1
11-131,1
11-132,1
11-133,1
11-134,1
11-135,1
11-136,1
11-137,1
11-138,1
11-139,1
11-140,1
11-141,1
11-142,1
11-143,1
11-144,1
11-145,1
11-146,1
11-147,1
11-148,1
11-149,1
11-150,1
11-151,1
11-152,1
11-153,1
11-154,1
11-155,1
11-156,1
11-169,1
11-170,1
11-171,1
11-172,1
11-173,1
11-174,1
11-175,1
11-176,1
11-177,1
11-178,1
11-179,1
11-180,1
11-159,1
11-160,1
11-161,1
11-162,1
11-163,1
11-164,1
11-165,1
11-166,1
11-167,1
11-168,1
11-223,1
11-224,1
11-225,1
11-226,1
11-227,1
11-228,1
11-181,1
11-182,1
11-183,1
11-184a,1
11-184b,1
11-184c,1
11-185,1
11-186,1
11-187,1
11-188,1
11-189,1
11-190a,1
11-190b,1
11-190c,1
11-191,1
11-192,1
11-193a,1
11-193b,1
11-194,1
11-195,1
11-196,1
11-197,1
11-200,1
11-201,1
11-202,1
11-203,1
11-204,1
11-205,1
11-206,1
11-207,1
11-208a,1
11-208b,1
11-209,1
11-210a,1
11-210b,1
11-211,1
11-212,1
11-213,1
11-214,1
11-215,1
11-216,1
11-263,1
11-264,1
11-217,1
11-218,1
11-219,1
11-220,1
11-221,1
11-222b,1
11-243,1
11-244a,1
11-244b,1
11-244c,1
11-244d,1
11-245,1
11-246,1
11-247,1
11-248,1
11-249,1
11-250,1
11-251,1
11-252,1
11-253,1
11-254,1
11-255,1
11-256,1
11-257,1
11-258,1
11-259,1
11-260,1
11-261,1
11-262,1
11-229a,1
11-229b,1
11-230,1
11-231,1
11-232,1
11-233,1
11-234,1
11-235,1
11-236,1
11-237a,1
11-237b,1
11-237c,1
11-238,1
11-239,1
11-240,1
11-241,1
11-242,1
12-007,1
12-008,1
12-009,1
12-010,1
12-011,1
11-265,1
11-266,1
11-267,1
11-268,1
11-269,1
11-270,1
11-271,1
11-272,1
11-273,1
11-274,1
11-275,1
11-276,1
11-277,1
11-278,1
11-279,1
11-280,1
11-281,1
11-282,1
11-283,1
11-284,1
11-285,1
11-286,1
11-287,1
11-288,1
11-289,1
11-290,1
11-291,1
11-292,1
11-293,1
11-294,1
11-295,1
11-296,1
11-297,1
11-298,1
11-299,1
11-300,1
11-301,1
11-302,1
11-303,1
11-304,1
11-305,1
11-306,1
11-307,1
11-308,1
11-309,1
11-310,1
11-311,1
11-312,1
11-313,1
11-314,1
11-315,1
11-316,1
11-317,1
11-318,1
11-319,1
11-320,1
11-321,1
11-322,1
11-323,1
11-324,1
11-800,1
12-001,1
12-002,1
12-003a,1
12-003b,1
12-003c,1
12-003d,1
12-004,1
12-005,1
12-006,1
12-027c,1
12-028,1
12-029,1
12-030,1
12-031,1
12-032,1
12-033,1
12-034,1
12-035,1
12-036,1
12-037,1
12-038a,1
12-038b,1
12-039,1
12-040,1
12-041,1
12-042,1
12-043a,1
12-043b,1
12-012,1
12-013,1
12-014,1
12-015,1
12-016a,1
12-016b,1
12-016c,1
12-017,1
12-018,1
12-019,1
12-020,1
12-021,1
12-022,1
12-023,1
12-024,1
12-025,1
12-026,1
12-027,1
12-027a,1
12-096,1
12-097,1
12-098,1
12-099,1
12-100,1
12-101,1
12-044,1
12-045,1
12-046,1
12-047,1
12-048,1
12-049,1
12-050,1
12-051,1
12-052a,1
12-052b,1
12-053,1
12-054,1
12-055a,1
12-055b,1
12-056,1
12-057,1
12-058,1
12-059,1
12-060,1
12-061,1
12-062,1
12-063,1
12-064,1
12-065,1
12-066,1
12-067,1
12-068,1
12-069,1
12-070,1
12-071,1
12-072,1
12-073,1
12-075,1
12-076,1
12-077,1
12-078,1
12-080,1
12-081,1
12-082,1
12-083,1
12-084,1
12-085,1
12-086,1
12-087,1
12-088,1
12-089,1
12-091,1
12-092,1
12-093,1
12-094,1
12-095,1
12-122,2
12-123,2
12-124,2
12-125,2
12-126,2
12-127,2
12-129,2
12-130,2
12-131,2
12-132,2
12-133,2
12-134,2
12-135,2
12-136,2
12-137,2
12-138,2
12-139,2
12-141,2
12-102,1
12-103,1
12-104,1
12-105,1
12-106,1
12-107,1
12-108,1
12-109,1
12-110,1
12-111,1
12-112,1
12-113,1
12-114,2
12-115,1
12-116,2
12-118,2
12-119,1
12-120,1
12-121,2
13-036,2
13-037,2
13-038,2
13-040,2
13-041,2
12-142,2
12-143,2
12-144,2
12-145,2
12-146,2
12-148,2
12-149,1
12-150,1
12-151,1
12-152,1
12-038c,1
12-154,1
13-001,2
13-002,2
13-004,2
13-005,2
13-006,2
13-007,2
13-008,2
13-009,2
13-010a,2
13-010b,2
13-011,2
13-012,2
13-013,2
13-014,2
13-015,2
13-016a,2
13-016b,2
13-017a,2
13-017b,2
13-017c,2
13-019,2
13-020,2
13-021,2
13-022,2
13-023,2
13-024,2
13-025,2
13-026,2
13-027,2
13-028,2
13-029,2
13-030,2
13-031,2
13-032,2
13-033,2
13-034,2
13-035,2
17-014,5
17-015,5
18-016,6
18-017,6
18-018,5
16-020a,4
16-020b,4
16-022a,4
16-022b,4
16-023,4
16-024,4
16-071,5
16-072,5
16-073,5
16-074,5
16-075,5
16-076,5
17-016a,5
17-016b,5
17-017,5
17-018a,5
18-019,6
18-020,6
18-021,6
18-022,6
16-025,4
16-026,4
16-027,4
16-028,4
16-077,5
16-078,5
16-079,5
16-080,4
16-081,4
16-082,4
16-083,4
16-084,4
17-018b,5
17-020a,5
17-020b,5
17-021a,5
17-021b,5
17-023,5
18-023,6
18-024,6
18-025,6
16-029,4
16-030,4
16-031,4
16-032,4
16-033,4
16-034,4
16-085,4
16-086,4
16-087,4
16-088,4
17-024,5
17-025,5
17-026,5
17-027,5
17-028,5
17-029a,5
17-029b,5
18-026,6
18-027,6
18-028,6
18-029,6
18-030,6
18-031,6
16-035,4
16-036,4
16-037,4
16-038,4
16-039a,4
16-039b,4
16-040,4
16-041,4
16-089,4
16-090,4
16-091,4
16-092,4
16-093,4
16-095,4
17-030,5
17-031,5
17-032,5
17-033,5
17-034,5
17-035,5
15-059b,3
15-060,3
15-061,3
15-062,3
15-063,3
16-042,4
16-043a,4
16-043b,4
16-044a,4
16-044b,4
16-045a,4
16-045b,4
16-096,4
16-097,4
16-098,4
16-099,4
17-037,5
17-038,5
17-039,5
17-040,5
17-041,5
15-064,3
15-065,3
15-066,4
15-067,3
16-046,4
16-047,4
16-100,4
16-102,4
16-103,4
16-104,4
17-042,5
17-043a,5
17-043b,5
17-043c,5
17-044,5
15-068,3
15-069,4
15-070,3
15-071a,3
15-071b,3
15-071c,3
15-072,3
15-073,3
15-074,3
16-048,4
16-105,4
16-106,4
16-107,4
16-108,4
17-045,5
17-046,5
17-047,5
17-048,5
17-049,5
17-050,5
15-075a,3
15-075b,3
15-075c,3
15-076,3
15-077,3
15-078,3
15-079,3
16-049,4
16-051b,4
16-109,4
16-110,4
16-111,4
16-112,4
16-113,4
17-051,5
17-052,5
17-053,5
17-054,5
17-055,5
15-080,3
15-081,3
15-082,3
15-083,3
15-084,3
15-085,3
16-051a,4
16-052,4
16-053,4
16-054a,4
16-800,4
16-801,4
17-001a,5
17-056,5
17-057,5
17-058,5
17-059a,5
17-059b,5
17-059c,3
15-086,4
15-087,4
15-088,3
15-089,4
15-090,4
15-091a,4
15-091b,4
15-092,4
16-054b,4
16-054c,4
16-054d,4
16-054e,4
16-054f,5
17-001b,5
17-001c,5
17-001d,5
17-002a,5
17-002b,5
17-003a,5
17-003b,5
17-004,5
17-060,5
17-061,5
17-062,5
17-063a,5
17-063b,5
15-093,4
15-094,4
15-095,4
15-096,4
16-054g,4
16-055,4
17-005,5
17-006,5
17-007,5
17-008,5
17-064,5
17-065,5
17-066,5
17-067,5
15-098,4
15-099a,4
15-099b,4
15-099c,4
15-099d,4
15-099e,4
15-800,3
15-801,3
16-001,4
16-056,4
16-057,4
17-009a,5
17-068,5
17-069,5
17-070,5
17-071,5
17-072,5
17-073,5
17-074,4
17-075,4
16-002,4
16-003,4
16-004,4
16-005,4
16-058,4
16-059,4
16-060,4
16-061,4
16-062a,4
17-010,5
17-011,5
17-012,5
17-076,4
18-001,5
18-003,5
18-004,5
18-005,5
16-006,4
16-007,4
16-008a,4
16-062b,4
16-062c,4
16-063,4
16-064,4
16-065,4
17-012b,5
17-013,5
18-006,5
18-007,5
18-008,5
18-009,5
16-008b,4
16-009a,4
16-009b,4
16-010,4
16-011,4
16-012a,4
16-012b,4
16-013a,4
16-013b,4
16-066a,5
16-066b,5
16-067,5
16-068,4
16-069,5
16-070,5
18-010,5
18-011,5
18-013,6
18-014,6
18-015,6
16-013c,4
16-014a,4
16-014b,4
16-015,4
16-016,4
16-017,4
16-018a,4
16-018b,4
16-019,4
14-118,3
14-119a,3
14-119b,3
14-120a,3
15-033,3
15-034,3
15-035,3
15-036,3
15-037,3
15-038,3
13-107,2
13-108,2
14-051,3
14-052,3
14-053,3
14-054,3
14-120b,3
14-120c,3
14-120d,3
14-120e,3
14-120f,3
14-120g,3
15-039,3
15-040,3
15-041,3
15-042,3
15-043,3
15-044,3
13-109,2
13-110,2
13-111,2
13-112,2
13-113,2
13-114,2
14-055,3
14-056,3
14-057a,3
14-057b,3
14-057c,3
14-058,3
14-059,3
14-060,3
14-120h,3
14-120j,3
14-121,3
14-122a,3
14-122b,3
14-123,3
15-045,3
15-046,3
15-047,3
15-048,3
15-049,3
15-050,3
13-116,2
13-117a,2
13-117b,2
13-118a,2
13-118b,2
14-061,3
14-062,3
14-063,3
14-124,3
14-125,3
14-126,3
14-127a,3
14-127b,3
14-128,3
14-129a,3
14-129b,3
15-051,3
15-052,3
15-053,3
15-054,3
15-055,3
15-056,3
15-057,3
15-058,3
15-059a,3
13-119,2
13-120,2
13-121,2
14-064,3
14-065,3
14-131,3
14-132a,3
14-132b,3
14-132c,3
14-133,3
14-134,3
13-042,2
13-043,2
13-045,2
13-048,2
13-049,2
13-122,2
13-123,2
13-124,2
13-125,2
14-066,3
14-067,3
14-068,3
14-069,3
14-070,3
14-135,3
14-136a,3
14-136b,3
14-137,3
14-138,3
14-139,3
14-140,3
13-050a,2
13-050b,2
13-051,2
13-052,2
13-053,2
13-054,2
13-126,2
13-127,2
13-128,2
13-129,2
13-130,2
13-131,3
13-132,3
14-071a,3
14-071b,3
14-072,3
14-073,3
14-074,3
14-075,3
14-076,3
14-141,3
14-142,3
14-143,3
14-144,3
14-145,3
13-055,2
13-056,2
13-057a,2
13-057b,2
13-058a,2
13-058b,2
13-133,2
13-134,2
13-135,2
13-136,2
13-137,2
14-001,2
14-002,2
14-077a,3
14-077b,3
14-078,3
14-079,3
14-080,3
14-081,3
14-146,3
14-147a,3
14-147b,3
13-059,2
13-060,2
13-061a,2
13-061b,2
14-003,2
14-004,2
14-005,2
14-006,2
14-007,2
14-082,3
14-083,3
14-084,3
14-085,3
14-149,3
14-150,3
14-151,3
14-152,3
14-153a,3
14-153b,3
13-061c,2
13-062,2
13-063,2
13-064,2
13-065,2
13-066,2
13-068,2
13-069,2
13-070,2
13-071,2
14-008,2
14-009,2
14-010,2
14-011,2
14-012,2
14-013,2
14-014,2
14-015,2
14-086,3
14-087,3
14-088,3
14-089,3
14-154,3
14-159a,3
14-159b,3
14-160,3
14-161,2
14-162,3
14-163,3
15-001,3
13-072,2
13-073,2
13-074,2
13-075,2
14-016,2
14-017,2
14-018,2
14-019,2
14-020,2
14-090,3
14-091,3
15-002,3
15-003,3
15-004a,3
15-004b,3
15-004c,3
13-076,2
13-077,2
14-022,2
14-023,2
14-024,2
14-025,2
14-026a,2
14-092,3
14-093,3
14-094,3
14-096,3
14-097,3
15-005,3
15-006,3
15-007,3
15-008,3
15-009,3
15-011,3
13-078,2
13-079a,2
13-079b,2
13-079c,2
14-026b,2
14-026c,2
14-026d,2
14-026e,2
14-028,3
14-029,2
14-098a,3
14-098b,3
14-099,3
14-100,3
14-101,3
14-102,3
14-103,3
15-012,3
15-013,3
15-014a,3
15-014b,3
15-015,3
15-016,3
15-017a,3
15-017b,3
15-017c,3
13-080,2
13-081,2
13-083,2
13-084,2
13-085,2
13-086,2
14-031,2
14-032,2
14-033a,2
14-033b,2
14-034,3
14-035,3
14-036,3
14-037,3
14-104,3
14-105,3
14-106,3
14-107a,3
14-107b,3
14-108,3
14-109,3
14-110,3
14-111,3
14-112,3
15-018,3
15-019,3
15-020,3
15-021a,3
15-021b,3
15-022,3
15-023,3
13-087,2
13-088,2
13-089,2
13-091,2
14-038,3
14-039,3
14-040,3
14-113,3
14-114,3
14-115,3
15-024,3
15-025,3
15-026,3
15-027,3
13-092,2
13-093a,2
13-093b,2
13-093c,2
13-095,2
13-096,2
14-042a,2
14-042b,2
14-042c,2
14-043,3
14-044,3
14-045,3
14-046,3
14-116a,3
14-116b,3
14-116d,3
15-028,3
15-029,3
15-030,3
15-031,3
15-032,3
13-097,2
13-100,2
13-101a,2
13-101b,2
13-101c,2
13-102,2
13-104,2
13-105,2
14-047,3
14-048,3
14-049,3
14-050,3
14-116c,3
14-117,3
20-058a,8
20-058b,8
20-059,8
20-060a,8
20-078d,8
20-078e,8
20-041l,8
20-041m,8
20-060b,8
20-060c,8
20-078f,8
20-078g,8
20-017,8
20-018,8
20-019,8
20-041n,8
20-041p,8
20-060d,8
20-060e,8
20-060f,8
20-078h,8
20-079,8
20-020,8
20-041q,8
20-041r,8
20-041t,8
20-041u,8
20-041v,8
20-060g,8
20-060h,8
20-080,8
20-081,8
20-021,8
20-022,8
20-041w,8
20-041x,8
20-041y,8
20-041z,8
20-061,8
19-267,8
19-268,8
19-269,8
19-270,8
19-271,9
19-272,9
19-273,9
19-274,9
19-275,9
19-276,7
19-277,7
19-278,7
20-023,8
20-041,8
20-042a,8
20-042b,8
20-062b,8
20-063,8
19-279,7
19-280,7
19-281,7
19-282,7
19-283,7
19-284,7
19-285,7
19-286,7
19-287,7
19-288,7
19-289,7
19-290,7
20-024,8
20-042c,8
20-042d,8
20-043,8
19-291,7
19-292,7
19-293,7
19-294,7
19-295,7
19-296,8
19-297,7
19-298,7
19-299,7
19-300,7
20-025b,8
20-026,8
20-044,8
20-045,8
20-065a,8
20-065b,8
20-065c,8
20-066,8
20-067a,8
19-301,7
19-302,8
19-303,8
19-304,8
19-305,8
19-306,7
19-307,7
20-027,8
20-028a,8
20-028b,8
20-028c,8
20-028d,8
20-028e,8
20-028f,8
20-046,8
20-047,8
20-067b,8
20-067c,8
19-308,7
19-309,7
19-310,7
19-311,7
19-312,6
20-028g,8
20-028h,8
20-028j,8
20-028i,8
20-028l,8
20-029,8
20-048,8
20-068a,8
20-068b,8
20-069,8
19-802,7
20-001,7
20-002,7
20-003a,8
20-030,8
20-031,8
20-032,8
20-033,8
20-049a,8
20-049b,8
20-050,8
20-070,8
20-003b,8
20-003c,8
20-003d,8
20-003e,8
20-003f,8
20-003g,8
20-034,8
20-035a,8
20-051,8
20-052,8
20-053,8
20-071,8
20-072,8
20-003h,8
20-035b,8
20-035c,8
20-035d,8
20-036,8
20-038,8
20-039,8
20-040,8
20-054,8
20-073,8
20-074,8
20-004,7
20-005,7
20-010b,8
20-007,8
20-008,8
20-041a,8
20-041b,8
20-041c,8
20-041d,8
20-055,8
20-056,8
20-075a,8
20-009,8
20-011,8
20-041e,8
20-041f,8
20-041g,8
20-057a,8
20-057b,8
20-075b,8
20-076,8
20-077,8
20-078a,8
20-012,8
20-013,8
20-041h,8
20-041j,8
20-041k,8
20-057c,8
20-057d,8
20-057e,8
20-078b,8
20-078c,8
20-014,8
20-015a,8
20-015b,8
19-130,8
19-131a,8
19-131b,8
19-131c,8
19-131d,8
19-131e,8
19-131f,8
19-131g,8
19-132,8
19-133,8
19-134,8
19-135,8
19-227,9
19-228,9
19-229,9
19-230,9
19-231,9
19-232,9
19-233,9
19-234,9
19-235,9
19-236,8
19-237,8
19-238,8
18-095,6
18-096,6
18-097,6
18-098,6
18-099,6
18-100a,6
19-053,7
19-054,7
19-055,7
19-056,7
19-057,7
19-058,7
19-059,7
19-060,7
19-061,7
19-136a,8
19-136b,8
19-136c,8
19-137,8
19-138,8
19-139,8
19-140,8
19-141,8
19-239,8
19-240,8
19-241,8
19-242,8
19-243,8
19-244,8
19-245,8
19-246,8
19-247,8
18-100b,6
18-101,6
18-102,6
18-103,6
18-104,6
18-105a,6
18-105b,6
18-106,6
19-062,7
19-063a,7
19-063b,7
19-064,7
19-065,7
19-066,7
19-142,8
19-143,8
19-144,8
19-145,8
19-146,8
19-147,8
19-148,8
19-149,8
19-150,8
19-248,8
19-249,8
19-250,8
19-251,8
19-252,8
19-253,8
19-254,8
18-107,6
18-108,6
18-109,6
18-110,7
18-111,6
18-112,7
18-113,7
18-114,7
18-115,7
18-116,7
18-117,7
19-067,7
19-068,7
19-069,7
19-070,7
19-071,7
19-151,8
19-152,8
19-153,8
19-154,8
19-155,8
19-156,8
19-157,8
19-158,8
19-255,8
19-256,8
19-257,8
19-258,8
19-259,8
19-260,8
19-261,8
19-262,8
19-263,8
19-264,8
19-265,8
19-266,8
18-118,7
18-119,7
18-120,7
18-121a,6
18-121b,6
18-122,7
18-123,7
18-124,6
19-072a,7
19-072b,7
19-072c,7
19-072d,7
19-159,8
19-160,8
19-161,8
19-162,8
19-163,8
19-164,8
18-032,6
18-033,6
18-034,6
18-035,6
18-036,6
18-125,6
18-126,6
18-127,6
18-128,6
18-129,6
18-130,6
18-131,6
18-132,6
18-133,7
18-134,7
19-072e,7
19-073,7
19-074a,7
19-074b,7
19-165,8
19-166,8
19-167,8
19-168,8
19-169,8
19-170,8
19-171,8
19-172,8
18-037,6
18-038,6
18-039,6
18-040,6
18-041,6
18-042,6
18-043,6
18-135,7
18-136,7
18-137,7
18-138,6
18-139,6
18-800,6
19-001,6
19-075,7
19-076,7
19-077,7
19-078,7
19-079,7
19-080,7
19-173,8
19-174,8
19-175,8
19-176,8
19-177,8
19-178,8
19-179,8
18-044,6
18-045,6
18-046,6
18-048,6
18-049a,6
19-002,6
19-003,6
19-004,6
19-005,6
19-006,6
19-081,7
19-082,7
19-083,7
19-084,7
19-085,7
19-086,7
19-087,7
19-088,7
19-089,7
19-180,8
19-181,8
19-182,8
19-183,8
19-184,8
19-185,8
19-186,8
19-187,8
19-188,8
18-049b,6
18-049c,6
18-049d,6
18-049e,6
18-050,6
18-051,6
18-052a,6
19-009a,6
19-009b,6
19-009c,6
19-009d,6
19-009e,6
19-009f,6
19-090,7
19-091,7
19-092,7
19-093,7
19-094,8
19-095,7
19-189,8
19-190,8
19-191,8
19-192,8
19-193,8
18-052b,6
18-053,6
18-054a,6
19-009g,6
19-009h,6
19-009j,6
19-010,6
19-011,6
19-012,6
19-013,6
19-096,7
19-097,7
19-194,8
19-195,8
19-196,8
19-197,8
19-198,8
19-199,8
18-054b,6
18-054c,6
18-054d,6
18-054e,6
18-054f,6
18-054g,6
19-016,6
19-018,6
19-019,7
19-020,6
19-021,7
19-022,7
19-098,7
19-099,8
19-101,7
19-102,7
19-103a,7
19-200,8
19-201,8
19-202,8
19-203,8
19-204,8
18-058,6
18-059,6
18-061,6
18-062,6
18-064,6
19-023,7
19-024,7
19-025,7
19-026,7
19-027,7
19-028,7
19-029,7
19-103b,7
19-106,7
19-205a,8
19-205b,8
19-205c,8
19-206,8
18-065,6
18-066,6
18-067,6
18-068,6
18-069a,6
18-069b,6
19-030,7
19-031,7
19-032,7
19-033,7
19-034,7
19-035,7
19-036,7
19-037,7
19-038a,7
19-107,7
19-108,7
19-109a,7
19-109b,7
19-207,8
19-208,8
19-209,8
19-210,8
18-070,6
18-071,6
18-072,6
18-073,6
18-074,6
18-075,6
18-076,6
18-077,6
19-038b,7
19-038c,7
19-038d,7
19-038e,7
19-109c,7
19-110,8
19-111,7
19-112,8
19-113,7
19-211,8
19-212,8
19-213,8
19-214,9
19-215a,9
19-215b,9
19-215c,9
18-078,6
18-079,6
18-080,6
18-081,6
18-082,6
18-083,6
19-038f,7
19-039,7
19-040,7
19-041,7
19-042,7
19-114,7
19-115,7
19-116,8
19-117,8
19-118a,8
19-118b,8
19-118c,8
19-118d,8
19-215d,9
19-216,9
19-217,9
19-218,9
19-219,9
18-084a,6
18-084b,6
18-084c,6
18-085a,6
18-085b,6
18-086,6
18-087,6
19-043,7
19-044,7
19-045,7
19-118e,8
19-118f,8
19-119,8
19-120,8
19-121,8
19-122,8
19-123,8
19-124,8
19-220,9
19-221,9
19-222,9
19-223,9
19-224,9
19-225,9
19-226,9
18-088,6
18-089,6
18-090,6
18-091,6
18-092,6
18-093,6
18-094,6
19-046,7
19-047,7
19-048,7
19-049,7
19-050,7
19-051,7
19-052,7
19-125,8
19-126,8
19-127,8
19-128,8
19-129,8
20-608,9
20-609,9
20-610,9
20-611,9
20-612,9
20-613,9
20-614,9
20-615,9
20-616,9
20-617,9
20-618,9
20-619,9
21-045,9
21-046,9
21-047,9
21-048,9
20-342,9
20-343,9
20-344,9
20-345,9
20-346,9
20-347,9
20-348,9
20-349,9
20-350,9
20-444,10
20-445,10
20-446,10
20-447,10
20-448,10
20-449,10
20-450,10
20-451,10
20-620,8
20-621,8
20-622,8
20-624,8
21-049,9
21-050,9
21-051,9
21-052,9
20-351a,9
20-351b,9
20-351c,9
20-352,9
20-353,9
20-452,9
20-453,9
20-454,9
20-455,9
20-456,9
20-457,9
20-458,9
20-459,9
20-460,9
20-626,8
20-628,8
20-629,8
21-053,9
21-054,9
21-055,9
21-056a,9
21-056b,9
20-354,9
20-355,9
20-356,9
20-357,9
20-358,9
20-359,9
20-360,9
20-361,9
20-362,9
20-363,9
20-461,9
20-462,9
20-463,9
20-464,9
20-465,9
20-466,9
20-467,9
20-468,9
20-469,9
20-470,9
20-471,9
20-630,8
20-631,8
20-636,8
20-637,8
21-056c,9
21-056d,9
21-057,9
21-058,9
20-364,9
20-365,9
20-366,9
20-367,9
20-368,9
20-369a,9
20-369b,9
20-369c,9
20-369d,9
20-472,9
20-473,9
20-474,9
20-475,9
20-476,9
20-477,9
20-478,9
20-479,9
20-480,9
20-638,8
20-642,8
20-800,9
20-295,9
20-296,9
20-297,9
20-370a,9
20-370b,9
20-371,9
20-372,9
20-373,9
20-374,9
20-375,9
20-481,9
20-482,9
20-483,9
20-484,9
20-485,9
20-486,9
20-487,9
20-488,9
20-489,9
20-490,9
20-803,8
20-298,9
20-299a,9
20-299b,9
20-376,9
20-377,9
20-378a,9
20-378b,9
20-491,9
20-492,9
20-493,9
20-494,9
20-495,9
20-496,9
20-497,9
20-299c,9
20-299d,9
20-299e,9
20-299f,9
20-299g,9
20-299h,9
20-299j,9
20-379,9
20-380,9
20-381,9
20-382,9
20-383,9
20-384,9
20-385,9
20-498,9
20-499,9
20-500,9
20-501,9
20-502,9
20-503,9
20-504,9
20-505,9
20-506,9
20-826,8
20-827,8
20-830,8
20-300,9
20-301a,9
20-301b,9
20-302,9
20-303,9
20-386,9
20-387,9
20-388a,9
20-388b,9
20-388c,9
20-389,9
20-390,9
20-507,9
20-508,9
20-509,9
20-510,9
20-198,9
20-512,9
20-513,9
20-854,9
21-002,9
21-004,9
21-005a,9
20-304,9
20-305,9
20-306,9
20-307,9
20-391,9
20-392,10
20-393,10
20-394,10
20-395,10
20-396,10
20-514,9
20-515,9
20-516,9
20-517,9
20-518,9
20-519,9
20-520,9
20-521,9
20-522,9
21-005b,9
21-005c,9
21-005d,9
21-005e,9
21-005f,9
21-005g,9
21-006,9
21-007,9
20-308,9
20-309,9
20-310,9
20-397,10
20-398,10
20-399,10
20-400,10
20-401,9
20-402,9
20-523,9
20-524,9
20-527,9
20-531,9
20-540,9
20-543,9
20-545,9
20-546,9
20-548,9
20-370d,9
21-009,9
21-012,9
21-013,9
21-014,9
21-015,9
21-016,9
21-018,9
20-311,9
20-312,9
20-313,9
20-314,9
20-315a,9
20-315b,9
20-315c,9
20-316,9
20-317,9
20-318,9
20-403,8
20-404,8
20-407,8
20-370c,9
20-553,9
20-555,9
20-556,9
20-557,9
20-558,9
20-559,9
20-560,9
20-561,9
20-562,9
20-563,9
21-019,9
21-020,9
21-021,9
21-022,9
21-023,9
21-024,9
21-025,9
20-319,9
20-320,9
20-321,9
20-322,9
20-323,9
20-324,9
20-409,8
20-410,9
20-411,9
20-412,9
20-564,9
20-565,9
20-566,9
20-567,9
20-568,9
20-569,9
20-570,9
21-026,9
21-027,9
21-029,9
20-325,9
20-326,9
20-327,9
20-328a,9
20-328b,9
20-413,9
20-414,9
20-415,9
20-416,9
20-417,9
20-418,9
20-419,9
20-420,9
20-421,9
20-422,9
20-571,9
20-572,9
20-573,9
20-574,9
20-575,9
20-576,9
20-577,9
20-578,9
20-579,9
20-580,9
20-581,9
21-031,9
21-032,9
21-033,9
21-034,9
20-328c,9
20-328d,9
20-328e,9
20-328f,9
20-329,9
20-330,9
20-331,9
20-332,9
20-333,9
20-334,9
20-423,9
20-424,9
20-425,9
20-426,9
20-427,9
20-428,10
20-429,10
20-430,10
20-431,10
20-432,10
20-582,8
20-583,9
20-585,8
20-586,9
20-587,9
20-588,9
20-589,9
20-590,9
20-591,9
20-592,9
20-593,9
20-594,9
20-595,9
21-035,9
21-036a,9
21-036b,9
21-036c,9
21-037,9
20-335,9
20-336,9
20-337,9
20-338,9
20-433,10
20-434,10
20-435,10
20-436,10
20-437,10
20-438,10
20-439,10
20-440,10
20-441,10
20-442,10
20-443,10
20-596,9
20-597,9
20-598,9
20-599,9
20-600,9
20-601,9
20-602,9
20-603,9
20-604,9
20-605,9
20-607,9
21-039,9
21-040,9
21-041,9
21-043,9
21-044,9
20-339a,9
20-339b,9
20-340,9
20-341,9
20-234a,8
20-234b,8
20-234c,8
20-279b,9
20-279c,9
20-280,9
20-282,9
20-283,9
20-284,9
20-102i,8
20-102e,8
20-102f,8
20-184,9
20-185a,9
20-185b,9
20-234d,8
20-234e,8
20-234f,8
20-234g,8
20-285,9
20-286,9
20-287,9
20-288,9
20-102g,8
20-102h,8
20-102k,8
20-102j,8
20-102l,8
20-103,8
20-185c,9
20-186,9
20-187,9
20-188,9
20-189,9
20-234h,8
20-235,8
20-236,8
20-237a,9
20-237b,9
20-289,9
20-290a,9
20-290b,9
20-291,9
20-105,8
20-106a,9
20-106b,8
20-106c,9
20-106d,9
20-107,9
20-108,9
20-109,9
20-190,9
20-191,9
20-192,9
20-193,9
20-194a,9
20-194b,9
20-237c,9
20-237d,9
20-237e,9
20-237f,9
20-237g,9
20-292,9
20-293,9
20-294,9
20-110,9
20-111,9
20-112,9
20-113,9
20-114,9
20-194c,9
20-195,9
20-196,9
20-197,9
20-511,9
20-238,8
20-239,9
20-082,8
20-083,8
20-115,9
20-116,9
20-117,9
20-118,9
20-119,9
20-120,9
20-121,9
20-122,9
20-199,9
20-200,9
20-201,9
20-202,9
20-203,8
20-204a,8
20-241,8
20-242,9
20-243,8
20-244,9
20-085,8
20-123,9
20-124,9
20-125,9
20-126,9
20-127,9
20-1271,8
20-204b,8
20-205,8
20-206,8
20-245,8
20-246,8
20-086,8
20-128,9
20-129,9
20-130,9
20-131,9
20-207,8
20-208,8
20-247,9
20-248,9
20-249,9
20-250,9
20-251,9
20-252,9
20-087,8
20-088,8
20-132,9
20-209,8
20-210,8
20-211,8
20-212,8
20-213,8
20-253a,9
20-253b,9
20-253c,9
20-253d,9
20-089,8
20-134,9
20-135,9
20-136,9
20-214,8
20-215,8
20-216,8
20-217,8
20-218,8
20-219a,8
20-254,9
20-255,9
20-257a,9
20-090a,8
20-090b,8
20-090c,8
20-090d,8
20-137,9
20-138,9
20-139,9
20-140,9
20-141,9
20-219b,8
20-220,8
20-257b,9
20-258,9
20-259,9
20-260,9
20-261,9
20-090e,8
20-091,8
20-092,8
20-142,9
20-143,9
20-144,9
20-145,9
20-146,9
20-147,9
20-221,9
20-222,9
20-223,9
20-224,9
20-262a,9
20-262b,9
20-263,9
20-264,9
20-093,8
20-148,9
20-149,9
20-150,9
20-151,9
20-152,9
20-153,9
20-154,9
20-155,9
20-156,9
20-157,9
20-158,9
20-159,9
20-160,9
20-225,9
20-226,9
20-266,9
20-267,9
20-268,9
20-269,9
20-095,8
20-096,8
20-161,9
20-162,9
20-163,9
20-164,9
20-165,9
20-166,9
20-227,9
20-228,9
20-270a,9
20-098,8
20-099,8
20-167,9
20-168,9
20-170,9
20-171,9
20-229,9
20-230,9
20-270b,9
20-272,9
20-273,9
20-274,9
20-275,9
20-276,9
20-100,8
20-101,8
20-102a,8
20-172,9
20-173,9
20-174,9
20-175,9
20-176,9
20-177,9
20-178,9
20-231,8
20-232,8
20-277a,9
20-277b,9
20-277c,9
20-279a,9
20-102b,8
20-102c,8
20-102d,8
20-104,8
20-179,9
20-180,9
20-181,9
20-182,9
20-183,9
20-233,8
21-686,10
21-687,10
21-688,10
21-689,10
21-690,10
21-691,10
21-692,10
21-693,10
21-694,10
21-695,10
21-696,10
22-015,9
22-016,9
22-017,9
22-018,9
22-019,9
21-480,10
21-481,10
21-482,10
21-483,10
21-484,10
21-485,10
21-486,10
21-552,10
21-553,10
21-554,10
21-555,10
21-556,10
21-557,10
21-697,10
21-698,10
21-699,10
21-700,10
21-701,10
21-702,10
21-703,10
21-704,10
21-705,10
21-706,10
21-707,10
21-487,10
21-488,10
21-489,10
21-490,10
21-491,10
21-558,10
21-559,10
21-560,10
21-561,10
21-708,10
21-709,10
21-710,10
21-711,10
21-712,10
21-713,10
21-714,10
21-715,10
21-716,10
21-717,10
21-718,10
22-020,9
22-021a,9
22-021b,9
21-492,10
21-493,10
21-494,10
21-495,10
21-562,10
21-563,10
21-564,10
21-565,10
21-719,10
21-720,10
21-721,10
21-722,10
21-723,10
21-724,10
21-725,10
21-726,10
22-024,9
22-026,9
22-027,9
22-028,9
22-029,9
22-030,9
21-496,10
21-497,10
21-498,10
21-499,10
21-566,10
21-567,10
21-568,10
21-569,10
21-570,10
21-571,10
21-572,10
21-727,10
21-728,10
21-729,10
21-730,10
21-731,10
21-732,10
21-733,10
21-734,10
21-735,10
21-421,9
21-500,10
21-501,10
21-502,10
21-503,10
21-573,10
21-574,10
21-575,10
21-576,10
21-577,10
21-578,10
21-579,10
21-736,10
21-737,10
21-738,10
21-739,10
21-740,10
21-741,10
21-742,10
21-743,10
21-744,10
21-423a,9
21-423b,9
21-424,9
21-425a,9
21-425b,9
21-504,10
21-505,10
21-506,10
21-580,10
21-581,10
21-582,10
21-583,10
21-584,10
21-585,10
21-745,10
21-746,10
21-747,10
21-748,10
21-749,10
21-750,10
21-751,10
21-752,10
21-428,9
21-430,9
21-507,10
21-508,10
21-509,10
21-510,10
21-511,10
21-586,10
21-587,10
21-588,10
21-589,10
21-590,10
21-591,9
21-592,9
21-753,10
21-754,10
21-755,10
21-756,10
21-757,10
21-758,10
21-759,10
21-760,10
21-431,9
21-432,10
21-433,10
21-434,10
21-512,10
21-513,10
21-514,10
21-593,9
21-594,9
21-595,9
21-596,9
21-597,9
21-598,9
21-599,9
21-600,9
21-601,9
21-761,10
21-762,10
21-763,10
21-764,10
21-768,10
21-769,10
21-770,10
21-771,10
21-772,10
21-773,10
21-774,10
21-775,10
21-435,10
21-436,10
21-437,10
21-438,10
21-439,10
21-515,10
21-516,10
21-517,10
21-518,10
21-602,9
21-603,9
21-604,9
21-605,9
21-606,9
21-607,9
21-608,10
21-609,9
21-610,9
21-611,10
21-612,9
21-613,9
21-776,10
21-777,10
21-778,10
21-779,10
21-780,10
21-781,10
21-782,10
21-783,10
21-784,10
21-785,10
21-786,10
21-440,10
21-441,10
21-442,10
21-443,10
21-444,10
21-445,10
21-446,10
21-447,10
21-519,10
21-520,10
21-521,10
21-522,10
21-523,10
21-614,9
21-615,9
21-616,9
21-617,9
21-618,10
21-619,9
21-620,9
21-621,10
21-622,10
21-623,10
21-787,10
21-788,10
21-789,10
21-791,9
21-792,9
21-793,9
21-794,9
21-795,9
21-796,9
21-797,9
21-798,9
21-799,9
21-448,10
21-449,10
21-450,10
21-451,10
21-452,10
21-453,10
21-524,10
21-525,10
21-526,10
21-527,10
21-528,10
21-529,10
21-530,10
21-624,10
21-625,10
21-626,10
21-627,10
21-628,10
21-629,10
21-630,10
21-800,9
21-801,9
21-804,9
21-805,9
21-806,9
21-807,9
21-808,9
21-809,9
21-810,9
21-454,10
21-455,10
21-456,10
21-457,10
21-458,10
21-459,10
21-531,10
21-532,10
21-533,10
21-534,10
21-535,10
21-536,10
21-537,10
21-631,10
21-632,10
21-633,10
21-634,10
21-635,10
21-636,10
21-637,10
21-638,10
21-639,10
21-640,10
21-641,10
21-642,10
21-811,9
21-812,9
21-813,9
21-814,9
21-815,9
21-816,9
21-817,9
21-818,9
21-819,9
21-820,9
21-821,10
21-822,9
21-465,10
21-466,10
21-467,10
21-538,10
21-539,10
21-540,10
21-541,10
21-542,10
21-543,10
21-643,10
21-644,10
21-645,10
21-655,10
21-656,10
21-657,10
21-658,10
21-659,10
21-660,10
21-661,10
21-663,10
21-823,9
21-824,9
21-825,9
21-826,9
21-827,9
21-828,9
21-460,10
21-461,10
21-462,10
21-463,10
21-464,10
21-544,10
21-545,10
21-546,10
21-547,10
21-664,10
21-665,10
21-666,10
21-667,10
21-668,10
21-669,10
21-670,10
21-671,10
21-672,10
21-673,10
21-674,10
22-003a,9
22-003b,9
22-005,9
21-468,10
21-469,10
21-470,10
21-471,10
21-472,10
21-473,10
21-474,10
21-548,10
21-549,10
21-550,10
21-551,10
21-675,10
21-676,10
21-677,10
21-678,10
21-679,10
21-680,10
21-681,10
21-682,10
21-683,10
21-684,10
21-685,10
22-007,9
22-008,9
22-009,9
22-010,9
22-012,9
22-013,9
22-014,9
21-475,10
21-476,10
21-477,10
21-478,10
21-479,10
21-294,10
21-295,10
21-296,10
21-297a,10
21-297b,10
21-396,9
21-398,9
21-399,9
21-401,9
21-402,9
21-124,9
21-125,9
21-126,9
21-127a,9
21-127b,9
21-208,10
21-209,10
21-210,10
21-211,10
21-212,10
21-213,10
21-297c,10
21-297d,10
21-298,10
21-299,10
21-300a,10
21-300b,10
21-301,10
21-302,10
21-403a,9
21-403b,9
21-406,9
21-128,9
21-129,9
21-214,10
21-215,10
21-216,10
21-217,10
21-218,10
21-219,10
21-220,10
21-303,10
21-304,10
21-305,10
21-306,10
21-307,9
21-414a,9
21-414b,9
21-415,9
21-130,9
21-131,9
21-132,9
21-133,9
21-134,9
21-221,10
21-222,10
21-223,10
21-224,10
21-225,10
21-226,10
21-227,10
21-308,9
21-309,9
21-310,9
21-312,9
21-313,9
21-314,9
21-315,9
21-316,9
21-417,9
21-418a,9
21-418b,9
21-135,9
21-136,9
21-137,9
21-138,9
21-139,10
21-228,10
21-229,10
21-230,10
21-231,10
21-232,10
21-233,10
21-234,10
21-235,10
21-317,9
21-318,9
21-319,9
21-320,9
21-322,9
21-324a,9
21-324b,9
21-059,9
21-060,9
21-061,9
21-140,9
21-141,9
21-142,9
21-143,9
21-144,9
21-236,10
21-237,10
21-238,10
21-325,9
21-326,9
21-327,9
21-328,9
21-329,9
21-331,9
21-062,9
21-063,9
21-064,9
21-065,9
21-066,9
21-067,9
21-145a,9
21-145b,9
21-145c,9
21-146,9
21-147,9
21-239,10
21-240,10
21-241,10
21-242a,10
21-242b,10
21-333,9
21-334,9
21-336,9
21-337,9
21-338,9
21-068,9
21-069,9
21-070,9
21-071,9
21-148,9
21-149,9
21-150,9
21-151,9
21-242c,10
21-243,10
21-244,10
21-245,10
21-246,10
21-247,10
21-339,9
21-340,9
21-341,9
21-342,9
21-345,9
21-346,9
21-347,9
21-072,9
21-073,9
21-074,9
21-075,9
21-152,9
21-153,9
21-154,9
21-155,9
21-156,9
21-157,9
21-158,9
21-248,10
21-249,10
21-250a,10
21-250b,10
21-251,10
21-252,10
21-348,9
21-349a,9
21-349b,9
21-350,9
21-351,9
21-352,9
21-076,9
21-077,9
21-078,9
21-079,9
21-080,9
21-159,9
21-160,9
21-161,9
21-162,9
21-163,9
21-164,9
21-165,9
21-253,10
21-254,10
21-255,10
21-256,10
21-257,10
21-355,9
21-356,9
21-358a,9
21-358b,9
21-359,9
21-360,9
21-081,9
21-082,9
21-083,9
21-084,9
21-085,9
21-086,9
21-166,10
21-167,9
21-168,10
21-169,9
21-170,9
21-171,9
21-258,10
21-259,10
21-260,10
21-361,9
21-362,9
21-363,9
21-364,9
21-365a,9
21-365b,9
21-366,9
21-087,9
21-088,9
21-089,9
21-090,9
21-091,9
21-092,9
21-172,9
21-173,9
21-174,9
21-175,9
21-261,10
21-262a,10
21-262b,10
21-263,10
21-264,10
21-367,9
21-368,9
21-369,9
21-370,9
21-372,9
21-373,9
21-093,9
21-094,9
21-095,9
21-096,9
21-097,9
21-098,9
21-099,9
21-100,9
21-176,9
21-177,10
21-178,9
21-179,10
21-180,10
21-181,10
21-265,10
21-266,10
21-267,10
21-268,10
21-269,10
21-374,9
21-375,9
21-377,9
21-378,9
21-379,9
21-101,9
21-829a,9
21-829b,9
21-829c,9
21-102,9
21-103,9
21-182,10
21-183,10
21-184,10
21-185,10
21-186,10
21-187,10
21-270,10
21-271,10
21-272,10
21-273,10
21-274,10
21-275,10
21-380,9
21-381,9
21-382,9
21-383,9
21-104,9
21-105,9
21-106,9
21-107,9
21-108,9
21-109,9
21-110,9
21-111,9
21-112,9
21-188,10
21-189,10
21-190,10
21-191,10
21-192,10
21-276,10
21-277,10
21-278,10
21-279,10
21-280,10
21-281,10
21-386,9
21-387,9
21-389,9
21-113a,9
21-113b,9
21-113c,9
21-113d,9
21-113e,9
21-114a,9
21-114b,9
21-114c,9
21-115,9
21-116,9
21-193,10
21-194,10
21-195,10
21-196,10
21-197,10
21-198,10
21-199,10
21-200,10
21-282,10
21-283,10
21-284,10
21-285,10
21-286,10
21-287,10
21-288,10
21-391,9
21-391d,9
21-392,9
21-394,9
21-117,9
21-118,9
21-119,9
21-120,9
21-121,9
21-122,9
21-123,9
21-201,10
21-202,10
21-203,10
21-204,10
21-205,10
21-206,10
21-207,10
21-289a,10
21-289b,10
21-290,10
21-291,10
21-292,10
21-293,10
99-464,1
99-465,1
99-466,1
99-467,1
99-469,1
99-470,1
99-472,1
99-473,1
99-474,1
99-475,1
99-477,1
99-478,1
99-480,1
99-482,1
99-484,1
99-486,1
99-488,1
99-491,1
99-492,1
99-495,1
99-496,1
99-497,1
99-498,1
99-300,1
99-302,1
99-303a,1
99-303b,1
99-303c,1
99-499,1
99-500,1
99-501,1
99-503,1
99-504,1
99-505,1
99-506,1
99-507,1
99-508,1
99-509,1
99-510,1
99-511,1
99-304,1
99-305,1
99-306,1
99-311,1
99-312,1
99-345,1
99-346,1
99-512,1
99-513,1
99-514,1
99-515,1
99-517,1
99-518,1
99-347,1
99-379,1
99-380,1
99-383,1
99-388,1
99-519,1
99-520,1
99-521a,1
99-521b,1
99-522,1
99-395,1
99-396,1
99-398,1
99-399,1
99-523,1
99-524,1
99-525,1
99-526,1
99-527,1
99-529,1
99-401,1
99-402,1
99-403,1
99-404,1
99-405,1
99-406,1
99-407,1
99-530a,1
99-530b,1
99-532,1
99-533,1
99-535,1
99-536,1
99-537,1
99-408,1
99-411,1
99-413,1
99-414,1
99-415,1
99-416,1
99-417,1
99-418,1
99-419,1
99-420,1
99-540,1
99-809,1
99-421,1
99-422,1
99-423,1
99-424,1
99-425,1
99-426,1
99-427,1
99-428,1
99-429,1
99-430,1
16-118,4
20-006,8
11-222a,1
99-432,1
99-434,1
99-435,1
99-436,1
99-437,1
99-438,1
99-439,1
99-440,1
99-441,1
99-442,1
99-443,1
99-444,1
99-445,1
99-446,1
99-447,1
99-448,1
99-450,1
99-453,1
99-455a,1
99-455b,1
99-455c,1
99-456,1
99-457,1
99-458a,1
99-458b,1
99-459,1
99-460,1
99-461,1
23-050,11
23-051,11
24-003,11
24-006,11
22-082,9
22-083,9
22-084,10
22-085,10
22-086,10
22-167,9
23-052a,11
23-052b,11
23-053,11
24-008,11
24-009a,11
24-009b,11
24-009c,11
24-010,11
24-011,11
24-012,11
22-087,10
22-088a,10
22-088b,10
22-089,10
22-816,10
22-817,10
23-054,11
23-055a,11
23-055b,11
23-055c,11
23-056,11
22-090,10
22-091,10
22-092,10
22-093,10
22-094,10
22-818,10
22-819,10
22-820,10
22-821,10
22-822,10
22-823,10
22-824,10
22-825,10
22-826,10
22-827,10
23-057,11
23-058,11
23-059a,11
23-059b,11
23-059c,11
22-095,10
22-096,10
22-097,10
22-098,10
22-828,10
22-829,10
22-830,10
22-831,10
22-832,10
22-833,10
22-834,10
22-835,10
22-836,10
22-837,10
22-838,10
23-059d,11
23-060,11
23-061a,11
23-061b,11
23-061c,11
23-061d,11
22-031,9
22-032,9
22-033,9
22-099,10
22-100,10
22-101,10
22-839,10
22-840,10
22-841,10
22-842,10
22-843,10
22-844,10
22-845,10
22-846,10
22-848,10
22-849,10
23-061e,11
23-061f,11
23-062,11
23-064,11
23-065a,11
23-065b,11
23-066,11
23-067a,11
23-067b,11
23-067c,11
22-034,9
22-035,9
22-036,9
22-037,9
22-038,9
22-102,10
22-103,10
22-104a,10
22-104b,10
22-104c,10
22-850,10
22-851,10
23-001,11
23-002,11
23-068,11
23-069,11
23-070,11
22-040,9
22-041,9
22-042,9
22-043,9
22-044,9
22-045,9
22-105,10
22-106,10
22-107,10
22-108,10
22-109,10
22-110,10
22-111,10
22-112,10
23-004a,11
23-004b,11
23-005,11
23-006,11
23-007,11
23-071,11
23-072,11
23-074a,11
23-074b,11
23-074c,11
23-074d,11
22-046,9
22-047a,9
22-047b,9
22-047c,9
22-048,9
22-113,10
22-114,10
22-115,10
22-116,10
22-117,10
22-118,10
22-119,10
22-120,10
23-008,11
23-009,11
23-010,11
23-011,11
23-012a,11
23-076,11
23-077,11
22-049,9
22-050,9
22-052,9
22-121,10
22-122,10
22-123,10
22-124,10
22-125,10
22-126,10
23-012b,11
23-012c,11
23-012d,11
23-012e,11
23-078,11
23-079,11
23-080,11
22-053a,9
22-053b,9
22-054,9
22-055,9
22-127,10
22-128,10
22-129,10
22-130,10
22-131,10
23-014,11
23-016,11
23-017,11
23-018,11
23-081,11
22-056,9
22-057,9
22-058,9
22-060,9
22-061,9
22-132,10
22-133,10
22-134,10
22-135,10
22-136,10
23-019,11
23-020,11
23-022,11
23-023,11
23-024,11
23-025,11
23-082a,11
23-082b,11
23-083a,11
23-083b,11
23-084,11
23-085,11
22-062,9
22-063,9
22-064,9
22-065,9
22-137,10
22-138,10
22-139,10
22-140,10
22-141,10
23-026,11
23-027,11
23-028,11
23-029,11
23-030,11
23-086,11
23-087,11
23-088a,11
23-088b,11
23-089,11
23-090,11
22-066,9
22-067,9
22-068,9
22-069,9
22-142,10
22-143,10
22-144,10
22-145,10
22-146a,10
22-146b,10
23-031a,11
23-031b,11
23-033,11
23-034,11
23-035,11
23-036,11
22-070,9
22-071,9
22-073,9
22-074,9
22-147a,10
22-147b,10
22-148a,10
22-148b,10
22-148c,10
23-037,11
23-038,11
23-039,11
23-041,11
23-042a,11
22-075,9
22-076,9
22-077,9
22-149,11
22-152,11
22-153,11
22-154,11
22-155,11
23-042b,11
23-043,11
23-044,11
23-045a,11
22-078,9
22-079,9
22-080,9
22-081,9
22-156,11
22-157,11
22-158,11
22-159,11
22-160,11
22-161,10
22-163,9
23-045b,11
23-046,11
23-047,11
23-048,11
23-049,11
